-- phpMyAdmin SQL Dump
-- version 5.2.2
-- https://www.phpmyadmin.net/
--
-- Servidor: localhost:3306
-- Tiempo de generación: 18-06-2026 a las 10:44:24
-- Versión del servidor: 10.11.14-MariaDB-cll-lve
-- Versión de PHP: 8.4.21

SET SQL_MODE = "NO_AUTO_VALUE_ON_ZERO";
START TRANSACTION;
SET time_zone = "+00:00";


/*!40101 SET @OLD_CHARACTER_SET_CLIENT=@@CHARACTER_SET_CLIENT */;
/*!40101 SET @OLD_CHARACTER_SET_RESULTS=@@CHARACTER_SET_RESULTS */;
/*!40101 SET @OLD_COLLATION_CONNECTION=@@COLLATION_CONNECTION */;
/*!40101 SET NAMES utf8mb4 */;

--
-- Base de datos: `benjamin7_inventario`
--

-- --------------------------------------------------------

--
-- Estructura de tabla para la tabla `articulos`
--

CREATE TABLE `articulos` (
  `id` bigint(20) UNSIGNED NOT NULL,
  `codigo` varchar(20) NOT NULL,
  `nombre` varchar(200) NOT NULL,
  `unidad` varchar(30) NOT NULL,
  `grupo_id` varchar(10) NOT NULL,
  `cantidad` decimal(12,3) NOT NULL DEFAULT 0.000,
  `precio` decimal(12,2) NOT NULL DEFAULT 0.00,
  `imagen` varchar(255) DEFAULT NULL,
  `created_at` timestamp NULL DEFAULT NULL,
  `updated_at` timestamp NULL DEFAULT NULL
) ENGINE=InnoDB DEFAULT CHARSET=utf8mb4 COLLATE=utf8mb4_unicode_ci;

--
-- Volcado de datos para la tabla `articulos`
--

INSERT INTO `articulos` (`id`, `codigo`, `nombre`, `unidad`, `grupo_id`, `cantidad`, `precio`, `imagen`, `created_at`, `updated_at`) VALUES
(1, 'G-1/0001', 'NITRATO (ANFO)', 'KILOS', 'G-1', 369.560, 28.00, 'articulos/G-1_0001_1779384886.jpg', '2026-05-14 00:34:42', '2026-06-11 21:51:52'),
(2, 'G-1/0002', 'DINAMITA', 'UNIDAD', 'G-1', 877.000, 13.50, 'articulos/G-1_0002_1779384963.jpg', '2026-05-14 00:34:42', '2026-06-10 22:09:56'),
(3, 'G-1/0003', 'FULMINANTE  (CAPSULAS)', 'UNIDAD', 'G-1', 900.000, 18.00, 'articulos/G-1_0003_1779385095.jpg', '2026-05-14 00:34:42', '2026-06-11 21:51:34'),
(4, 'G-1/0004', 'GUIA', 'METROS', 'G-1', 800.000, 40.00, 'articulos/G-1_0004_1779385146.jpg', '2026-05-14 00:34:42', '2026-06-09 00:06:27'),
(5, 'G-1/0005', 'BARRA 0,80 (COREMAN)', 'UNIDAD', 'G-1', 4.000, 100.00, NULL, '2026-05-14 00:34:42', '2026-06-11 22:00:41'),
(6, 'G-1/0006', 'BARRA 1,20', 'UNIDAD', 'G-1', 1.000, 200.00, NULL, '2026-05-14 00:34:42', '2026-06-11 20:46:08'),
(7, 'G-1/0007', 'BARRA 1,80', 'UNIDAD', 'G-1', 0.000, 250.00, NULL, '2026-05-14 00:34:42', '2026-06-11 20:46:31'),
(8, 'G-1/0008', 'BARRENO 0,80', 'UNIDAD', 'G-1', 0.000, 550.00, 'articulos/G-1_0008_1779385278.jpg', '2026-05-14 00:34:42', '2026-06-11 20:46:56'),
(9, 'G-1/0009', 'BARRENO 1,20', 'UNIDAD', 'G-1', 0.000, 1600.00, NULL, '2026-05-14 00:34:42', '2026-06-11 20:47:22'),
(10, 'G-1/0010', 'BARRENO 1,80', 'UNIDAD', 'G-1', 0.000, 2200.00, NULL, '2026-05-14 00:34:42', '2026-06-11 20:47:42'),
(11, 'G-1/0011', 'BROCA N° 39 MM', 'UNIDAD', 'G-1', 8.000, 200.00, 'articulos/G-1_0011_1779985416.jpg', '2026-05-14 00:34:42', '2026-06-11 20:48:01'),
(12, 'G-1/0012', 'BROCA N° 41 MM', 'UNIDAD', 'G-1', 8.000, 200.00, 'articulos/G-1_0012_1779985319.jpg', '2026-05-14 00:34:42', '2026-06-11 20:48:15'),
(13, 'G-1/0013', 'GARRA \'1\' CON ESPIGA 3/4', 'UNIDAD', 'G-1', 12.000, 25.00, 'articulos/G-1_0013_1779385555.webp', '2026-05-14 00:34:42', '2026-06-08 23:49:59'),
(14, 'G-1/0014', 'GARRA \'1\' CON ROSCA EXTERIOR 3/4', 'UNIDAD', 'G-1', 3.000, 25.00, 'articulos/G-1_0014_1779385679.jpg', '2026-05-14 00:34:42', '2026-06-08 23:49:56'),
(15, 'G-1/0015', 'GARRA DE \'1\' CON ROSCA INTERIOR \'1\'', 'UNIDAD', 'G-1', 13.000, 25.00, 'articulos/G-1_0015_1779385739.png', '2026-05-14 00:34:42', '2026-06-08 23:50:03'),
(16, 'G-1/0016', 'CARGADOR DE ANFO CON SPIGA DE 3/4', 'UNIDAD', 'G-1', 8.000, 100.00, 'articulos/G-1_0016_1779985707.jpg', '2026-05-14 00:34:42', '2026-06-11 20:48:52'),
(17, 'G-2/0001', 'LLAVE DE PASO \'1\' GALVANIZADO', 'UNIDAD', 'G-2', 13.000, 70.00, 'articulos/G-2_0001_1779982016.jpg', '2026-05-14 00:34:42', '2026-06-11 20:50:10'),
(18, 'G-2/0002', 'LLAVE DE PASO \'1\' CORTINA GALVANIZADO', 'UNIDAD', 'G-2', 11.000, 80.00, NULL, '2026-05-14 00:34:42', '2026-06-11 20:50:23'),
(19, 'G-2/0003', 'LLAVE DE PASO \'2\' GALVANIZADO', 'UNIDAD', 'G-2', 0.000, 150.00, NULL, '2026-05-14 00:34:42', '2026-06-11 20:51:03'),
(20, 'G-2/0004', 'LLAVE DE PASO \'2\' CORTINA GALVANIZADO', 'UNIDAD', 'G-2', 16.000, 150.00, NULL, '2026-05-14 00:34:42', '2026-06-11 20:51:23'),
(21, 'G-2/0005', 'UNION PATENTE  \'1\' GALVANIZADO CON BRONCE', 'UNIDAD', 'G-2', 7.000, 30.00, 'articulos/G-2_0005_1779985784.jpg', '2026-05-14 00:34:42', '2026-06-11 20:22:53'),
(22, 'G-2/0006', 'UNION PATENTE \'2\' GALVANIZADO CON BRONCE', 'UNIDAD', 'G-2', 16.000, 70.00, 'articulos/G-2_0006_1779985814.jpg', '2026-05-14 00:34:42', '2026-06-11 20:52:08'),
(23, 'G-2/0007', 'NIPLE DE \'1\' GALVANIZADO', 'UNIDAD', 'G-2', 7.000, 20.00, 'articulos/G-2_0007_1779985850.jpg', '2026-05-14 00:34:42', '2026-06-11 20:52:31'),
(24, 'G-2/0008', 'NIPLE DE \'2\' GALVANIZADO', 'UNIDAD', 'G-2', 21.000, 25.00, 'articulos/G-2_0008_1779985868.jpg', '2026-05-14 00:34:42', '2026-06-11 20:52:44'),
(25, 'G-2/0009', 'COPLA DE \'1\' GALVANIZADO', 'UNIDAD', 'G-2', 0.000, 20.00, NULL, '2026-05-14 00:34:42', '2026-06-11 20:53:02'),
(26, 'G-2/0010', 'COPLA DE \'2\' GALVANIZADO', 'UNIDAD', 'G-2', 0.000, 30.00, 'articulos/G-2_0010_1779985935.jpg', '2026-05-14 00:34:42', '2026-06-11 20:54:15'),
(27, 'G-2/0011', 'CODO DE \'2\' GALVANIZADO', 'UNIDAD', 'G-2', 2.000, 40.00, 'articulos/G-2_0011_1779985950.jpg', '2026-05-14 00:34:42', '2026-06-11 20:54:59'),
(28, 'G-2/0012', 'T DE \'1\' GALVANIZADO', 'UNIDAD', 'G-2', 5.000, 40.00, 'articulos/G-2_0012_1779985965.jpg', '2026-05-14 00:34:42', '2026-06-11 20:55:39'),
(29, 'G-2/0013', 'T DE \'2\' GALVANIZADO', 'UNIDAD', 'G-2', 5.000, 80.00, 'articulos/G-2_0013_1779986001.jpg', '2026-05-14 00:34:42', '2026-06-11 20:56:00'),
(30, 'G-2/0014', 'Y DE \'1\' GALVANIZADO', 'UNIDAD', 'G-2', 0.000, 50.00, NULL, '2026-05-14 00:34:42', '2026-06-11 20:56:21'),
(31, 'G-2/0015', 'Y DE \'2\' GALVANIZADO', 'UNIDAD', 'G-2', 0.000, 80.00, NULL, '2026-05-14 00:34:42', '2026-06-11 20:56:39'),
(32, 'G-2/0016', 'CANOTO CON SPIGA DE \'1\'', 'UNIDAD', 'G-2', 4.000, 20.00, 'articulos/G-2_0016_1779986091.jpg', '2026-05-14 00:34:42', '2026-06-11 20:58:03'),
(33, 'G-2/0017', 'CANOTO A ROSCA DE \'1\'', 'UNIDAD', 'G-2', 0.000, 30.00, NULL, '2026-05-14 00:34:42', '2026-06-11 20:58:29'),
(34, 'G-2/0018', 'CANOTO CON SPIGA DE \'2\'', 'UNIDAD', 'G-2', 4.000, 30.00, NULL, '2026-05-14 00:34:42', '2026-06-11 20:58:47'),
(35, 'G-2/0019', 'CANOTO A ROSCA DE \'2\'', 'UNIDAD', 'G-2', 1.000, 40.00, 'articulos/G-2_0019_1779986146.jpg', '2026-05-14 00:34:42', '2026-06-11 20:59:05'),
(36, 'G-2/0020', 'REDUCCION DE \'2\' A \'1\'', 'UNIDAD', 'G-2', 1.000, 30.00, 'articulos/G-2_0020_1779986208.jpg', '2026-05-14 00:34:42', '2026-06-11 20:59:44'),
(37, 'G-2/0021', 'REDUCCION DE \'2\' A \'1,5\'', 'UNIDAD', 'G-2', 0.000, 40.00, NULL, '2026-05-14 00:34:42', '2026-06-11 21:00:07'),
(38, 'G-2/0022', 'REDUCCION CON SPIGA DE \'2\' A \'1,5\'', 'UNIDAD', 'G-2', 0.000, 40.00, NULL, '2026-05-14 00:34:42', '2026-06-11 21:00:27'),
(39, 'G-2/0023', 'CLAVOS \'7\' PULGADAS', 'BOLSAS', 'G-2', 3.000, 35.00, 'articulos/G-2_0023_1779986491.jpg', '2026-05-14 00:34:42', '2026-06-11 20:16:44'),
(40, 'G-2/0024', 'CLAVOS \'6\' PULGADAS', 'BOLSAS', 'G-2', 12.000, 30.00, NULL, '2026-05-14 00:34:42', '2026-06-11 21:01:17'),
(41, 'G-2/0025', 'CLAVOS \'5\' PULGADAS', 'BOLSAS', 'G-2', 6.000, 30.00, NULL, '2026-05-14 00:34:42', '2026-06-11 21:02:12'),
(42, 'G-2/0026', 'CLAVOS \'4\' PULGADAS', 'BOLSAS', 'G-2', 0.000, 30.00, NULL, '2026-05-14 00:34:42', '2026-06-11 21:01:37'),
(43, 'G-2/0027', 'BARILLA DE 3/8', 'METROS', 'G-2', 17.000, 40.00, NULL, '2026-05-14 00:34:42', '2026-06-11 21:02:40'),
(44, 'G-2/0028', 'BARILLA DE 1/2', 'METROS', 'G-2', 18.000, 50.00, NULL, '2026-05-14 00:34:42', '2026-06-11 21:02:56'),
(45, 'G-2/0029', 'VOLANDAS PLANA DE 3/8', 'UNIDAD', 'G-2', 48.000, 2.00, 'articulos/G-2_0029_1779987113.jpg', '2026-05-14 00:34:42', '2026-06-11 21:03:15'),
(46, 'G-2/0030', 'TUERCA DE 3/8', 'UNIDAD', 'G-2', 98.000, 3.00, 'articulos/G-2_0030_1779987211.jpg', '2026-05-14 00:34:42', '2026-06-11 21:03:43'),
(47, 'G-2/0031', 'VOLANDAS PLANA DE 1/2', 'UNIDAD', 'G-2', 146.000, 3.00, 'articulos/G-2_0031_1779987309.jpg', '2026-05-14 00:34:42', '2026-06-11 21:04:02'),
(48, 'G-2/0032', 'TUERCA DE 1/2', 'UNIDAD', 'G-2', 237.000, 2.00, 'articulos/G-2_0032_1779987481.jpg', '2026-05-14 00:34:42', '2026-06-09 00:14:36'),
(49, 'G-2/0033', 'PERNOS DE 3/8 X \'2\'', 'UNIDAD', 'G-2', 10.000, 2.00, 'articulos/G-2_0033_1779987555.jpg', '2026-05-14 00:34:42', '2026-06-09 00:12:13'),
(50, 'G-2/0034', 'RODAMIENTO A BOLA /6209-2RS \'CARRO\'', 'UNIDAD', 'G-2', 40.000, 35.00, 'articulos/G-2_0034_1779987940.jpg', '2026-05-14 00:34:42', '2026-06-11 21:24:38'),
(51, 'G-2/0035', 'RODAMIENTO A BOLA /63092RSC3  \'GUINCHE\'', 'UNIDAD', 'G-2', 2.000, 35.00, 'articulos/G-2_0035_1779987997.jpg', '2026-05-14 00:34:42', '2026-06-11 21:24:14'),
(52, 'G-2/0036', 'RADIO \'JANDI\'', 'UNIDAD', 'G-2', 9.000, 225.00, 'articulos/G-2_0036_1779988173.jpg', '2026-05-14 00:34:42', '2026-06-08 23:20:53'),
(53, 'G-3/0001', 'PICOTA CON PALA ANCHA', 'UNIDAD', 'G-3', 10.000, 100.00, NULL, '2026-05-14 00:34:42', '2026-06-09 00:18:14'),
(54, 'G-3/0002', 'PICOTA NORMAL', 'UNIDAD', 'G-3', 2.000, 100.00, NULL, '2026-05-14 00:34:42', '2026-06-09 00:18:27'),
(55, 'G-3/0003', 'PALA PUNTA HUEVO', 'UNIDAD', 'G-3', 11.000, 120.00, NULL, '2026-05-14 00:34:42', '2026-06-09 00:19:05'),
(56, 'G-3/0004', 'COMBO DE 2K', 'UNIDAD', 'G-3', 6.000, 120.00, NULL, '2026-05-14 00:34:42', '2026-06-09 00:21:04'),
(57, 'G-3/0005', 'COMBO DE 12 LB', 'UNIDAD', 'G-3', 2.000, 0.00, NULL, '2026-05-14 00:34:42', '2026-06-04 23:00:31'),
(58, 'G-3/0006', 'STYLSON # 24', 'UNIDAD', 'G-3', 4.000, 200.00, NULL, '2026-05-14 00:34:42', '2026-06-09 00:24:17'),
(59, 'G-3/0007', 'STYLSON # 14', 'UNIDAD', 'G-3', 4.000, 150.00, NULL, '2026-05-14 00:34:42', '2026-06-09 00:23:00'),
(60, 'G-3/0008', 'CIERRA MECANICA \'N° 12\'', 'UNIDAD', 'G-3', 2.000, 50.00, NULL, '2026-05-14 00:34:42', '2026-06-11 20:42:12'),
(61, 'G-3/0009', 'CURVINA \'24\'', 'UNIDAD', 'G-3', 2.000, 0.00, NULL, '2026-05-14 00:34:42', '2026-06-04 23:06:05'),
(62, 'G-3/0010', 'DISCO DE DESGASTE DE \'9\'', 'UNIDAD', 'G-3', 0.000, 0.00, NULL, '2026-05-14 00:34:42', '2026-05-14 00:34:42'),
(63, 'G-3/0011', 'DISCO DE DESGASTE DE \'4,5\'', 'UNIDAD', 'G-3', 0.000, 0.00, 'articulos/G-3_0011_1779989003.jpg', '2026-05-14 00:34:42', '2026-05-28 21:23:23'),
(64, 'G-3/0012', 'DISCO DE CORTE \'7\'', 'UNIDAD', 'G-3', 3.000, 0.00, 'articulos/G-3_0012_1779989021.jpg', '2026-05-14 00:34:42', '2026-06-04 23:09:02'),
(65, 'G-3/0013', 'DISCO DE CORTE \'9\'', 'UNIDAD', 'G-3', 5.000, 0.00, NULL, '2026-05-14 00:34:42', '2026-06-04 23:09:27'),
(66, 'G-3/0014', 'DISCO DE CORTE \'4,5\'', 'UNIDAD', 'G-3', 9.000, 10.00, NULL, '2026-05-14 00:34:42', '2026-06-11 20:39:52'),
(67, 'G-3/0015', 'ELECTRODO E6013', 'KILOS', 'G-3', 7.000, 60.00, NULL, '2026-05-14 00:34:42', '2026-06-09 00:26:15'),
(68, 'G-3/0016', 'ELECTRODO E7018', 'KILOS', 'G-3', 3.900, 0.00, NULL, '2026-05-14 00:34:42', '2026-06-04 23:11:32'),
(69, 'G-3/0017', 'CABLE DE ACERO 1/2', 'METROS', 'G-3', 0.000, 0.00, NULL, '2026-05-14 00:34:42', '2026-05-14 00:34:42'),
(70, 'G-3/0018', 'CABLE DE ACERO 3/8', 'METROS', 'G-3', 0.000, 0.00, NULL, '2026-05-14 00:34:42', '2026-05-14 00:34:42'),
(71, 'G-3/0019', 'SOGA 3/4', 'METROS', 'G-3', 0.000, 0.00, NULL, '2026-05-14 00:34:42', '2026-05-14 00:34:42'),
(72, 'G-3/0020', 'SOGA 1/2', 'METROS', 'G-3', 0.000, 0.00, NULL, '2026-05-14 00:34:42', '2026-05-14 00:34:42'),
(73, 'G-3/0021', 'CEPILLO DE ACERO', 'UNIDAD', 'G-3', 9.000, 0.00, NULL, '2026-05-14 00:34:42', '2026-06-04 23:16:17'),
(74, 'G-3/0022', 'FLEXOMETRO DE 5mtrs', 'UNIDAD', 'G-3', 0.000, 0.00, NULL, '2026-05-14 00:34:42', '2026-05-14 00:34:42'),
(75, 'G-4/0001', 'ACEITE DE MAQUINA', 'LITROS', 'G-4', 11.000, 13.30, NULL, '2026-05-14 00:34:42', '2026-06-09 00:20:08'),
(76, 'G-4/0002', 'ACEITE MOTOR 15W40 DIESEL', 'LITROS', 'G-4', 92.000, 0.00, NULL, '2026-05-14 00:34:42', '2026-05-28 22:20:51'),
(77, 'G-4/0003', 'ACEITE TELLUS 2M / 68', 'LITROS', 'G-4', 80.000, 0.00, NULL, '2026-05-14 00:34:42', '2026-05-28 22:20:30'),
(78, 'G-4/0004', 'ACEITE HIDRAULICO ISO/68', 'LITROS', 'G-4', 0.000, 0.00, NULL, '2026-05-14 00:34:42', '2026-05-14 00:34:42'),
(79, 'G-4/0005', 'GASOLINA', 'LITROS', 'G-4', 20.000, 6.96, NULL, '2026-05-14 00:34:42', '2026-06-09 00:22:11'),
(80, 'G-4/0006', 'DIESEL', 'LITROS', 'G-4', 2640.000, 9.78, NULL, '2026-05-14 00:34:42', '2026-06-09 00:21:10'),
(81, 'G-4/0007', 'GRASA DE RODAMIENTOS', 'KILOS', 'G-4', 5.000, 0.00, NULL, '2026-05-14 00:34:42', '2026-05-28 22:18:51'),
(82, 'G-5/0001', 'FILTRO DE AIRE C23610 (COMPRESORA)', 'UNIDAD', 'G-5', 2.000, 0.00, NULL, '2026-05-14 00:34:42', '2026-06-04 23:22:02'),
(83, 'G-5/0002', 'FILTRO DE AIRE C20500 (COMPRESORA)', 'UNIDAD', 'G-5', 3.000, 0.00, NULL, '2026-05-14 00:34:42', '2026-06-04 23:22:11'),
(84, 'G-5/0003', 'FILTRO DE AIRE SFA1107H (GEN. AZUL)', 'UNIDAD', 'G-5', 2.000, 0.00, NULL, '2026-05-14 00:34:42', '2026-06-04 23:22:35'),
(85, 'G-5/0004', 'FILTRO DE AIRE SFA1196H (GEN. BLANCO)', 'UNIDAD', 'G-5', 1.000, 0.00, NULL, '2026-05-14 00:34:42', '2026-06-04 23:22:50'),
(86, 'G-5/0005', 'FILTRO DE ACEITE PSL962 (COMPRESORA)', 'UNIDAD', 'G-5', 2.000, 0.00, NULL, '2026-05-14 00:34:42', '2026-06-04 23:25:14'),
(87, 'G-5/0006', 'FILTRO DE ACEITE 1R-0739 (pala)', 'UNIDAD', 'G-5', 0.000, 0.00, NULL, '2026-05-14 00:34:42', '2026-05-14 00:34:42'),
(88, 'G-5/0007', 'FILTRO DE DIESEL P551010', 'UNIDAD', 'G-5', 0.000, 0.00, NULL, '2026-05-14 00:34:42', '2026-05-14 00:34:42'),
(89, 'G-5/0008', 'CORREA 17X2845 B-112  \'GUINCHE\'', 'UNIDAD', 'G-5', 1.000, 0.00, NULL, '2026-05-14 00:34:42', '2026-06-11 21:28:03'),
(90, 'G-5/0009', 'CORREA Ax-32 (pala)', 'UNIDAD', 'G-5', 0.000, 0.00, NULL, '2026-05-14 00:34:42', '2026-05-14 00:34:42'),
(91, 'G-5/0010', 'CORREA A-52 (pala)', 'UNIDAD', 'G-5', 0.000, 0.00, NULL, '2026-05-14 00:34:42', '2026-05-14 00:34:42'),
(92, 'G-5/0011', 'CORREA A-72 (pala)', 'UNIDAD', 'G-5', 0.000, 0.00, NULL, '2026-05-14 00:34:42', '2026-05-14 00:34:42'),
(93, 'G-6/0001', 'SACO IMPERMEABLE TALLA \'M\'', 'UNIDAD', 'G-6', 6.000, 125.00, NULL, '2026-05-14 00:34:42', '2026-06-09 00:17:21'),
(94, 'G-6/0002', 'SACO IMPERMEABLE TALLA \'L\'', 'UNIDAD', 'G-6', 2.000, 125.00, NULL, '2026-05-14 00:34:42', '2026-06-09 00:17:28'),
(95, 'G-6/0003', 'PANTALON IMPERMEABLE TALLA \'M\'', 'UNIDAD', 'G-6', 6.000, 125.00, NULL, '2026-05-14 00:34:42', '2026-06-09 00:17:54'),
(96, 'G-6/0004', 'PANTALON IMPERMEABLE TALLA \'L\'', 'UNIDAD', 'G-6', 2.000, 125.00, NULL, '2026-05-14 00:34:42', '2026-06-09 00:18:02'),
(97, 'G-6/0005', 'OVEROLES TALLA \'M\'', 'UNIDAD', 'G-6', 0.000, 0.00, NULL, '2026-05-14 00:34:42', '2026-05-14 00:34:42'),
(98, 'G-6/0006', 'OVEROLES TALLA \'L\'', 'UNIDAD', 'G-6', 8.000, 0.00, NULL, '2026-05-14 00:34:42', '2026-06-04 23:49:57'),
(99, 'G-6/0007', 'OVEROLES TALLA \'XL\'', 'UNIDAD', 'G-6', 0.000, 0.00, NULL, '2026-05-14 00:34:42', '2026-05-14 00:34:42'),
(100, 'G-6/0008', 'CASCO MINERO BLANCO', 'UNIDAD', 'G-6', 0.000, 0.00, NULL, '2026-05-14 00:34:42', '2026-05-14 00:34:42'),
(101, 'G-6/0009', 'CASCO MINERO CAFÉ', 'UNIDAD', 'G-6', 1.000, 0.00, NULL, '2026-05-14 00:34:42', '2026-06-04 23:50:22'),
(102, 'G-6/0010', 'BOTAS DE GOMA \'38\'', 'UNIDAD', 'G-6', 0.000, 0.00, NULL, '2026-05-14 00:34:42', '2026-05-14 00:34:42'),
(103, 'G-6/0011', 'BOTAS DE GOMA \'39\'', 'UNIDAD', 'G-6', 0.000, 0.00, NULL, '2026-05-14 00:34:42', '2026-05-14 00:34:42'),
(104, 'G-6/0012', 'BOTAS DE GOMA \'40\'', 'UNIDAD', 'G-6', 0.000, 0.00, NULL, '2026-05-14 00:34:42', '2026-05-14 00:34:42'),
(105, 'G-6/0013', 'BOTAS DE GOMA \'41\'', 'UNIDAD', 'G-6', 0.000, 0.00, NULL, '2026-05-14 00:34:42', '2026-05-14 00:34:42'),
(106, 'G-6/0014', 'ARNES DE SEGURIDAD', 'UNIDAD', 'G-6', 3.000, 0.00, NULL, '2026-05-14 00:34:42', '2026-06-04 23:51:06'),
(107, 'G-6/0015', 'GUANTES CON GOMA', 'UNIDAD', 'G-6', 0.000, 0.00, NULL, '2026-05-14 00:34:42', '2026-05-14 00:34:42'),
(108, 'G-6/0016', 'LAMPARAS', 'UNIDAD', 'G-6', 2.000, 0.00, NULL, '2026-05-14 00:34:42', '2026-06-04 23:51:38'),
(109, 'G-7/0001', 'ARCO DE SOLDAR CROWN', 'UNIDAD', 'G-7', 1.000, 0.00, NULL, '2026-05-14 00:34:42', '2026-06-05 00:00:48'),
(110, 'G-7/0002', 'CARGADOR DE BATERIAS CD-530', 'UNIDAD', 'G-7', 1.000, 0.00, NULL, '2026-05-14 00:34:42', '2026-06-05 00:00:57'),
(111, 'G-7/0003', 'TUBO DE OXIGENO MEDIANO', 'UNIDAD', 'G-7', 1.000, 0.00, NULL, '2026-05-14 00:34:42', '2026-06-05 00:01:13'),
(112, 'G-7/0004', 'WINCHE TAMAÑO PEQUEÑO', 'UNIDAD', 'G-7', 1.000, 0.00, NULL, '2026-05-14 00:34:42', '2026-06-05 00:01:25'),
(113, 'G-7/0005', 'WINCHE TAMAÑO GRANDE', 'UNIDAD', 'G-7', 0.000, 0.00, NULL, '2026-05-14 00:34:42', '2026-05-14 00:34:42'),
(114, 'G-7/0006', 'AMOLADORA TAMAÑO GRANDE', 'UNIDAD', 'G-7', 1.000, 0.00, NULL, '2026-05-14 00:34:42', '2026-06-05 00:02:06'),
(115, 'G-7/0007', 'AMOLADORA TAMAÑO PEQUEÑO', 'UNIDAD', 'G-7', 1.000, 0.00, NULL, '2026-05-14 00:34:42', '2026-06-05 00:02:19'),
(116, 'G-7/0008', 'MOTO CIERRA (INECO)', 'UNIDAD', 'G-7', 1.000, 0.00, NULL, '2026-05-14 00:34:42', '2026-06-05 00:02:41'),
(117, 'G-7/0009', 'SOPLETE MANUAL', 'UNIDAD', 'G-7', 1.000, 0.00, NULL, '2026-05-14 00:34:42', '2026-06-05 00:02:52'),
(118, 'G-7/0010', 'SOPLETE DE PINTURA', 'UNIDAD', 'G-7', 1.000, 0.00, NULL, '2026-05-14 00:34:42', '2026-06-05 00:03:00'),
(119, 'G-8/0001', 'ANTICONGELANTE', 'LITROS', 'G-8', 22.680, 0.00, NULL, '2026-05-14 00:34:42', '2026-06-05 00:05:04'),
(120, 'G-8/0002', 'THINNER 900CC', 'LITROS', 'G-8', 3600.000, 0.00, NULL, '2026-05-14 00:34:42', '2026-06-05 00:11:45'),
(121, 'G-8/0003', 'DESENGRASANTE DE MOTOR', 'LITROS', 'G-8', 3.000, 0.00, NULL, '2026-05-14 00:34:42', '2026-06-05 00:05:26'),
(122, 'G-8/0004', 'MONOPOL NEGRO', 'LITROS', 'G-8', 1.000, 0.00, NULL, '2026-05-14 00:34:42', '2026-06-05 00:05:41'),
(123, 'G-8/0005', 'MONOPOL AMARILLO', 'LITROS', 'G-8', 1.000, 0.00, NULL, '2026-05-14 00:34:42', '2026-06-05 00:05:56'),
(124, 'G-8/0006', 'MONOPOL AZUL', 'LITROS', 'G-8', 0.000, 0.00, NULL, '2026-05-14 00:34:42', '2026-05-14 00:34:42'),
(125, 'G-8/0007', 'AEROSOL VERDE', 'UNIDAD', 'G-8', 3.000, 20.00, NULL, '2026-05-14 00:34:42', '2026-06-09 00:29:19'),
(126, 'G-8/0008', 'AEROSOL AZUL', 'UNIDAD', 'G-8', 2.000, 20.00, NULL, '2026-05-14 00:34:42', '2026-06-09 00:29:25'),
(127, 'G-8/0009', 'AEROSOL ROJO', 'UNIDAD', 'G-8', 2.000, 20.00, NULL, '2026-05-14 00:34:42', '2026-06-09 00:29:32'),
(128, 'G-8/0010', 'AEROSOL AMARILLO', 'UNIDAD', 'G-8', 1.000, 20.00, NULL, '2026-05-14 00:34:42', '2026-06-09 00:29:38'),
(129, 'G-8/0011', 'LIMPIA CONTACTO', 'UNIDAD', 'G-8', 1.000, 0.00, NULL, '2026-05-14 00:34:42', '2026-06-05 00:07:08'),
(130, 'G-8/0012', 'PEGATANKE', 'UNIDAD', 'G-8', 1.000, 0.00, NULL, '2026-05-14 00:34:42', '2026-06-05 00:07:20'),
(131, 'G-9/0001', 'CAJA DISTRIBUIDORA ELECTRICA DE 59X50X20', 'UNIDAD', 'G-9', 0.000, 0.00, NULL, '2026-05-14 00:34:42', '2026-06-05 00:17:52'),
(133, 'G-10/0001', 'CALLAPOS DE \"2.50 MTRS\"', 'METROS', 'G-10', 0.000, 0.00, 'articulos/G-10_0001_1779385860.jpg', '2026-05-14 20:49:50', '2026-06-09 01:01:48'),
(134, 'G-10/0002', 'CHAJLLA REDONDA DE \"2.50 MTRS\"', 'METROS', 'G-10', 0.000, 0.00, NULL, '2026-05-14 20:51:29', '2026-06-09 01:02:07'),
(135, 'G-10/0003', 'CHAJLLA RALLADA DE \"2.50 MTRS\"', 'METROS', 'G-10', 0.000, 0.00, NULL, '2026-05-14 20:52:07', '2026-06-09 01:02:22'),
(136, 'G-10/0004', 'MADERA LABRADA DE \"3 X 3 X 2,50 MTRS\"', 'METROS', 'G-10', 0.000, 0.00, NULL, '2026-05-14 20:52:50', '2026-06-09 00:55:33'),
(137, 'G-10/0005', 'DURMIENTE DE \"3 X 6 X 1 MTRS\"', 'METROS', 'G-10', 0.000, 0.00, NULL, '2026-05-14 20:54:06', '2026-06-09 00:56:51'),
(138, 'G-10/0006', 'LINEA DE MADERA DE \"3 X 3 X 4 MTRS\"', 'METROS', 'G-10', 0.000, 0.00, NULL, '2026-05-14 20:56:27', '2026-06-09 00:58:53'),
(139, 'G-10/0007', 'ESCALERA DE MADERA \"4 MTRS\"', 'METROS', 'G-10', 0.000, 0.00, NULL, '2026-05-14 20:57:31', '2026-06-09 00:59:15'),
(140, 'G-10/0008', 'TABLON DE MADERA \"1.5 X 3 X 2.50 MTRS\"', 'METROS', 'G-10', 0.000, 0.00, NULL, '2026-05-14 20:58:41', '2026-06-09 00:59:53'),
(143, 'G-1/0017', 'BARRA 0,60', 'UNIDAD', 'G-1', 1.000, 30.00, NULL, '2026-05-28 21:58:15', '2026-06-11 20:49:19'),
(144, 'G-2/0037', 'REDUCCION DE \"1\"A \"3/4\"', 'UNIDAD', 'G-2', 5.000, 40.00, NULL, '2026-06-04 22:51:07', '2026-06-11 21:07:40'),
(145, 'G-2/0038', 'RODAMIENTO A BOLA /62102RSC3 \'GUINCHE\'', 'UNIDAD', 'G-2', 1.000, 35.00, NULL, '2026-06-04 22:51:54', '2026-06-11 21:26:21'),
(146, 'G-2/0039', 'RODAMIENTO  6212-2RS \'GUINCHE\'', 'UNIDAD', 'G-2', 2.000, 35.00, NULL, '2026-06-04 22:58:50', '2026-06-11 21:25:44'),
(147, 'G-3/0023', 'STYLSON # 18', 'UNIDAD', 'G-3', 2.000, 150.00, NULL, '2026-06-04 23:04:24', '2026-06-09 00:23:07'),
(148, 'G-3/0024', 'HOJAS DE CURVINA \'24\'', 'UNIDAD', 'G-3', 6.000, 0.00, NULL, '2026-06-04 23:07:33', '2026-06-04 23:07:33'),
(149, 'G-3/0025', 'HOJAS DE CIERRA  \'12\'', 'UNIDAD', 'G-3', 6.000, 0.00, NULL, '2026-06-04 23:08:35', '2026-06-04 23:08:35'),
(150, 'G-3/0026', 'CAMARAS 4.00-8  \'CARRETILLA\'', 'UNIDAD', 'G-3', 14.000, 60.00, NULL, '2026-06-04 23:14:32', '2026-06-11 21:27:02'),
(151, 'G-3/0027', 'NEUMATICO PARA CARRETILLA 3.50-8', 'UNIDAD', 'G-3', 2.000, 0.00, NULL, '2026-06-04 23:15:14', '2026-06-04 23:15:14'),
(152, 'G-3/0028', 'ALAMBRE GALVANIZADO \'6\'', 'KILOS', 'G-3', 3.030, 30.00, NULL, '2026-06-04 23:17:42', '2026-06-09 00:26:35'),
(153, 'G-3/0029', 'ALAMBRE DE AMARRE \'6\'', 'KILOS', 'G-3', 50.000, 0.00, NULL, '2026-06-04 23:18:26', '2026-06-04 23:18:26'),
(154, 'G-3/0030', 'ALQUITRAN \'VISCOLA\'', 'KILOS', 'G-3', 0.000, 0.00, NULL, '2026-06-04 23:19:08', '2026-06-11 21:27:28'),
(155, 'G-3/0031', 'ALICATE PARA ANILLOS \'7\'', 'UNIDAD', 'G-3', 1.000, 0.00, NULL, '2026-06-04 23:19:56', '2026-06-04 23:19:56'),
(156, 'G-3/0032', 'ESTUCHE DE ACCESORIOS COMPRESOR \'NEUMATICOS\'', 'UNIDAD', 'G-3', 1.000, 0.00, NULL, '2026-06-04 23:20:53', '2026-06-04 23:20:53'),
(157, 'G-5/0012', 'FILTRO DE AIRE SFA 2499 SET \'PALA\'', 'UNIDAD', 'G-5', 0.000, 0.00, NULL, '2026-06-04 23:28:22', '2026-06-04 23:28:22'),
(158, 'G-5/0013', 'FILTRO DE AIRE SFA 2500S \'PALA\'', 'UNIDAD', 'G-5', 0.000, 0.00, NULL, '2026-06-04 23:29:10', '2026-06-04 23:29:10'),
(159, 'G-5/0014', 'FILTRO DE ACEITE SPO4111 \'GEN. BLANCO\'', 'UNIDAD', 'G-5', 1.000, 0.00, NULL, '2026-06-04 23:30:20', '2026-06-04 23:30:20'),
(160, 'G-5/0015', 'FILTRO DE ACEITE SFO0754 \'GEN. AZUL Y AMARILLO\'', 'UNIDAD', 'G-5', 0.000, 0.00, NULL, '2026-06-04 23:31:11', '2026-06-04 23:31:11'),
(161, 'G-5/0016', 'FILTRO DE ACEITE  BT 339  \'GEN. AZUL\'', 'UNIDAD', 'G-5', 1.000, 0.00, NULL, '2026-06-04 23:32:08', '2026-06-04 23:32:08'),
(162, 'G-5/0017', 'FILTRO DE ACEITE  PSL597  \'GEN. AZUL\'', 'UNIDAD', 'G-5', 1.000, 0.00, NULL, '2026-06-04 23:32:47', '2026-06-04 23:32:47'),
(163, 'G-5/0018', 'FILTRO DE DIESEL WK1060/1  \'COMPRESORA\'', 'UNIDAD', 'G-5', 0.000, 0.00, NULL, '2026-06-04 23:34:28', '2026-06-04 23:34:40'),
(164, 'G-5/0019', 'FILTRO DE DIESEL PSC877 \'GEN. AZUL\'', 'UNIDAD', 'G-5', 0.000, 0.00, NULL, '2026-06-04 23:36:33', '2026-06-04 23:36:33'),
(165, 'G-5/0020', 'FILTRO DE DIESEL SFR0143FW \'GEN. BLANCO\'', 'UNIDAD', 'G-5', 1.000, 0.00, NULL, '2026-06-04 23:37:29', '2026-06-04 23:37:29'),
(166, 'G-5/0021', 'FILTRO DE DIESEL P551427 \'GEN. AZUL\'', 'UNIDAD', 'G-5', 1.000, 0.00, NULL, '2026-06-04 23:38:24', '2026-06-04 23:38:24'),
(167, 'G-5/0022', 'FILTRO DE DIESEL WK723  \'COMPRESORA\'', 'UNIDAD', 'G-5', 4.000, 0.00, NULL, '2026-06-04 23:39:03', '2026-06-04 23:39:03'),
(168, 'G-5/0023', 'FILTRO DE DIESEL 1R-0753 \'PALA\'', 'UNIDAD', 'G-5', 0.000, 0.00, NULL, '2026-06-04 23:40:05', '2026-06-04 23:40:05'),
(169, 'G-5/0024', 'FILTRO DE DIESEL P551424 \'COMP. AMARILLA\'', 'UNIDAD', 'G-5', 0.000, 0.00, NULL, '2026-06-04 23:41:01', '2026-06-04 23:41:01'),
(170, 'G-5/0025', 'FILTRO SEPARADOR DIESEL 151-2409 \'PALA\'', 'UNIDAD', 'G-5', 0.000, 0.00, NULL, '2026-06-04 23:41:39', '2026-06-04 23:41:39'),
(171, 'G-5/0026', 'CORREA 17X3048 B-120 \'WINCHE-80\'', 'UNIDAD', 'G-5', 3.000, 0.00, NULL, '2026-06-04 23:44:22', '2026-06-04 23:44:22'),
(172, 'G-5/0027', 'CORREA AX-32 \'PALA\'', 'UNIDAD', 'G-5', 0.000, 0.00, NULL, '2026-06-04 23:46:12', '2026-06-04 23:46:12'),
(173, 'G-5/0028', 'CORREA A-52 \'PALA\'', 'UNIDAD', 'G-5', 0.000, 0.00, NULL, '2026-06-04 23:46:48', '2026-06-04 23:46:48'),
(174, 'G-5/0029', 'CORREA A-72  \'PALA\'', 'UNIDAD', 'G-5', 0.000, 0.00, NULL, '2026-06-04 23:47:16', '2026-06-04 23:47:16'),
(175, 'G-5/0030', 'FILTRO DE DIESEL WK1060/1  \'BARRA\'', 'UNIDAD', 'G-5', 2.000, 0.00, NULL, '2026-06-04 23:47:52', '2026-06-04 23:48:01'),
(176, 'G-6/0017', 'BUSO DESECHABLE TALLA \'M\'', 'UNIDAD', 'G-6', 5.000, 0.00, NULL, '2026-06-04 23:52:26', '2026-06-04 23:52:26'),
(177, 'G-6/0018', 'BUSO DESECHABLE TALLA \'L\'', 'UNIDAD', 'G-6', 5.000, 0.00, NULL, '2026-06-04 23:52:50', '2026-06-04 23:52:50'),
(178, 'G-6/0019', 'CHALECOS REFLECTIVOS TALLA \'M\'', 'UNIDAD', 'G-6', 0.000, 0.00, NULL, '2026-06-04 23:53:52', '2026-06-04 23:53:52'),
(179, 'G-6/0020', 'CHALECOS REFLECTIVOS TALLA \'L\'', 'UNIDAD', 'G-6', 0.000, 0.00, NULL, '2026-06-04 23:54:15', '2026-06-04 23:54:15'),
(180, 'G-6/0021', 'CHALECOS REFLECTIVOS TALLA \'XL\'', 'UNIDAD', 'G-6', 3.000, 0.00, NULL, '2026-06-04 23:54:41', '2026-06-04 23:54:41'),
(181, 'G-6/0022', 'POLARES TALLA \'M\'', 'UNIDAD', 'G-6', 0.000, 0.00, NULL, '2026-06-04 23:55:30', '2026-06-04 23:55:30'),
(182, 'G-6/0023', 'POLARES TALLA \'L\'', 'UNIDAD', 'G-6', 0.000, 0.00, NULL, '2026-06-04 23:55:49', '2026-06-04 23:55:49'),
(183, 'G-6/0024', 'DEPORTIVOS TALLA \'M\'', 'UNIDAD', 'G-6', 2.000, 0.00, NULL, '2026-06-04 23:56:23', '2026-06-04 23:56:23'),
(184, 'G-6/0025', 'DEPORTIVOS TALLA \'L\'', 'UNIDAD', 'G-6', 2.000, 0.00, NULL, '2026-06-04 23:56:51', '2026-06-04 23:56:51'),
(185, 'G-6/0026', 'CAPUCHON PARA CASCO', 'UNIDAD', 'G-6', 6.000, 0.00, NULL, '2026-06-04 23:57:30', '2026-06-04 23:57:30'),
(186, 'G-6/0027', 'CABO DE VIDA DE UNA COLA', 'UNIDAD', 'G-6', 0.000, 0.00, NULL, '2026-06-04 23:58:09', '2026-06-04 23:58:09'),
(187, 'G-6/0028', 'CABO DE VIDA DE DOS COLAS', 'UNIDAD', 'G-6', 3.000, 0.00, NULL, '2026-06-04 23:58:32', '2026-06-04 23:58:32'),
(188, 'G-6/0029', 'SACO IMPERMEABLE TALLA \'XL\'', 'UNIDAD', 'G-6', 13.000, 125.00, NULL, '2026-06-05 00:00:00', '2026-06-09 00:17:35'),
(189, 'G-6/0030', 'PANTALON IMPERMEABLE TALLA \'XL\'', 'UNIDAD', 'G-6', 13.000, 125.00, NULL, '2026-06-05 00:00:25', '2026-06-09 00:18:11'),
(190, 'G-7/0011', 'MICRO GASOGENO 1K', 'UNIDAD', 'G-7', 1.000, 0.00, NULL, '2026-06-05 00:04:15', '2026-06-05 00:04:15'),
(191, 'G-7/0012', 'RODILLO PARA WINCHE', 'UNIDAD', 'G-7', 1.000, 0.00, NULL, '2026-06-05 00:04:45', '2026-06-05 00:04:45'),
(192, 'G-7/0013', 'CARRO METALERO DE 1 TN', 'UNIDAD', 'G-7', 0.000, 0.00, NULL, '2026-06-05 00:05:16', '2026-06-05 00:05:46'),
(193, 'G-7/0014', 'CARRO TRANSPORTADORA DE MINERAL A METALICO', 'UNIDAD', 'G-7', 0.000, 0.00, NULL, '2026-06-05 00:06:21', '2026-06-05 00:06:21'),
(194, 'G-7/0015', 'CARRO TRANSPORTADORA DE MINERAL A NEUMATICO', 'UNIDAD', 'G-7', 0.000, 0.00, NULL, '2026-06-05 00:06:50', '2026-06-05 00:06:50'),
(195, 'G-7/0016', 'RONDANA TAMAñO GRANDE DE \'10\'', 'UNIDAD', 'G-7', 0.000, 0.00, NULL, '2026-06-05 00:07:27', '2026-06-05 00:07:27'),
(196, 'G-7/0017', 'CARRO TRANSPORTADORA DE MADERA', 'UNIDAD', 'G-7', 2.000, 0.00, NULL, '2026-06-05 00:09:37', '2026-06-05 00:09:37'),
(197, 'G-7/0018', 'ESTUCHE DE LLAVES DADO \'UTUSTOOLS\'', 'UNIDAD', 'G-7', 1.000, 0.00, NULL, '2026-06-05 00:10:29', '2026-06-05 00:10:29'),
(198, 'G-9/0002', 'CAJA DISTRIBUIDORA ELECTRICA DE 40X30X17', 'UNIDAD', 'G-9', 1.000, 0.00, NULL, '2026-06-05 00:18:56', '2026-06-05 00:18:56'),
(199, 'G-7/0019', 'STUCHE DE BROCAS TAMAÑO PEQUEÑO \"INECO\"', 'UNIDAD', 'G-7', 1.000, 0.00, NULL, '2026-06-05 00:19:08', '2026-06-08 23:49:36'),
(200, 'G-9/0003', 'TERMICO TRIFASICO', 'UNIDAD', 'G-9', 10.000, 80.00, NULL, '2026-06-05 00:19:35', '2026-06-09 00:25:24'),
(201, 'G-9/0004', 'TERMICO MONOFASICO', 'UNIDAD', 'G-9', 2.000, 0.00, NULL, '2026-06-05 00:19:56', '2026-06-05 00:19:56'),
(202, 'G-9/0005', 'REFLECTOR LED 200W', 'UNIDAD', 'G-9', 1.000, 0.00, NULL, '2026-06-05 00:20:18', '2026-06-05 00:20:18'),
(203, 'G-7/0020', 'DESARMADOR A BATERIA \"DYLLU\"', 'UNIDAD', 'G-7', 1.000, 0.00, NULL, '2026-06-05 00:20:38', '2026-06-05 00:20:38'),
(204, 'G-9/0006', 'REFLECTOR LED 50W', 'UNIDAD', 'G-9', 1.000, 0.00, NULL, '2026-06-05 00:20:39', '2026-06-05 00:20:39'),
(205, 'G-9/0007', 'FOCO 9W', 'UNIDAD', 'G-9', 2.000, 0.00, NULL, '2026-06-05 00:21:18', '2026-06-05 00:21:18'),
(206, 'G-7/0021', 'STUCHE DE LLAVES DADO \"TAMAñO PEQUEñO TRAMONTINA\"', 'UNIDAD', 'G-7', 1.000, 0.00, NULL, '2026-06-05 00:21:39', '2026-06-05 00:21:39'),
(207, 'G-9/0008', 'INTERRUPTOR MIXTO', 'UNIDAD', 'G-9', 0.000, 0.00, NULL, '2026-06-05 00:21:42', '2026-06-05 00:21:42'),
(208, 'G-9/0009', 'ENCHUFE', 'UNIDAD', 'G-9', 0.000, 0.00, NULL, '2026-06-05 00:22:03', '2026-06-05 00:22:03'),
(209, 'G-7/0022', 'STUCHE DE SOLDAR \"WELDING\" NEGRO', 'UNIDAD', 'G-7', 1.000, 0.00, NULL, '2026-06-05 00:22:09', '2026-06-05 00:22:09'),
(210, 'G-9/0010', 'CINTA ELECTRICA', 'UNIDAD', 'G-9', 20.000, 0.00, NULL, '2026-06-05 00:22:23', '2026-06-05 00:22:23'),
(211, 'G-9/0011', 'CINTA ELECTRICA DE GOMA', 'UNIDAD', 'G-9', 1.000, 0.00, NULL, '2026-06-05 00:22:46', '2026-06-05 00:22:46'),
(212, 'G-9/0012', 'PRECINTO PLASTICO 5X300MM', 'UNIDAD', 'G-9', 100.000, 0.00, NULL, '2026-06-05 00:23:31', '2026-06-05 00:23:31'),
(213, 'G-7/0023', 'STICHE DE TARRAJA \"NEVA PROFESIONAL\" 1/2 A 2 (6 UNIDADES)', 'UNIDAD', 'G-7', 1.000, 0.00, NULL, '2026-06-05 00:23:55', '2026-06-05 00:23:55'),
(214, 'G-9/0013', 'PRECINTO PLASTICO 4.8MM', 'UNIDAD', 'G-9', 100.000, 0.00, NULL, '2026-06-05 00:24:12', '2026-06-05 00:24:12'),
(215, 'G-7/0024', 'MANGERA DE OXIGENO \"COMPLETO\"', 'UNIDAD', 'G-7', 0.000, 0.00, NULL, '2026-06-05 00:24:34', '2026-06-05 00:24:34'),
(216, 'G-7/0025', 'HIDROLAVADORA \'TRAMONTINA\'', 'UNIDAD', 'G-7', 1.000, 0.00, NULL, '2026-06-05 00:26:13', '2026-06-05 00:26:13'),
(217, 'G-7/0026', 'SOLDADURA DE ESTAÑO EN HILO', 'UNIDAD', 'G-7', 1.000, 0.00, NULL, '2026-06-05 00:26:40', '2026-06-05 00:26:40'),
(218, 'G-7/0027', 'BATERIA BOSCH', 'UNIDAD', 'G-7', 1.000, 0.00, NULL, '2026-06-05 00:26:52', '2026-06-05 00:26:52'),
(219, 'G-7/0028', 'PASTA DE ESTAÑO EN SOLDADURA', 'UNIDAD', 'G-7', 1.000, 0.00, NULL, '2026-06-05 00:27:36', '2026-06-05 00:27:36'),
(220, 'G-7/0030', 'MOTOR DE ARRANQUE', 'UNIDAD', 'G-7', 0.000, 1900.00, NULL, '2026-06-05 00:28:21', '2026-06-09 00:45:24'),
(221, 'G-7/0029', 'ENGRASADORA 5K \"TRUPER\"', 'UNIDAD', 'G-7', 1.000, 0.00, NULL, '2026-06-05 00:28:29', '2026-06-05 00:28:29'),
(222, 'G-2/0040', 'POLITUBO DE \'2\'', 'UNIDAD', 'G-2', 0.000, 900.00, NULL, '2026-06-08 23:19:09', '2026-06-11 21:08:13'),
(223, 'G-2/0041', 'POLITUBO DE \'1\'', 'UNIDAD', 'G-2', 0.000, 400.00, NULL, '2026-06-08 23:19:38', '2026-06-11 21:09:20'),
(224, 'G-2/0042', 'LLAVE DE PASO \'3\' GALBANIZADO', 'UNIDAD', 'G-2', 0.000, 140.00, NULL, '2026-06-08 23:22:21', '2026-06-11 20:12:41'),
(226, 'G-2/0043', 'GRAPAS CROSPI  \'N° 13\'', 'UNIDAD', 'G-2', 0.000, 12.00, NULL, '2026-06-08 23:27:19', '2026-06-11 20:30:30'),
(227, 'G-2/0044', 'GRAPAS CROSPI  \'N° 10\'', 'UNIDAD', 'G-2', 0.000, 8.00, NULL, '2026-06-08 23:30:48', '2026-06-11 20:30:47'),
(228, 'G-2/0045', 'LLAVE CRECEN N°10', 'UNIDAD', 'G-2', 0.000, 70.00, NULL, '2026-06-09 00:15:53', '2026-06-09 00:15:53'),
(229, 'G-2/0046', 'RASTRILLO', 'UNIDAD', 'G-2', 0.000, 50.00, NULL, '2026-06-09 00:23:41', '2026-06-11 21:09:42'),
(230, 'G-3/0033', 'PUNTAS', 'UNIDAD', 'G-3', 0.000, 40.00, NULL, '2026-06-09 00:31:39', '2026-06-09 00:31:39'),
(231, 'G-11/0001', 'HOLA', 'UNIDAD', 'G-11', 4.000, 10.00, NULL, '2026-06-10 22:16:40', '2026-06-10 22:22:24'),
(232, 'G-2/0047', 'GRAPAS CROSPI  \'N° 16\'', 'UNIDAD', 'G-2', 0.000, 16.00, NULL, '2026-06-11 20:32:15', '2026-06-11 20:32:15');

-- --------------------------------------------------------

--
-- Estructura de tabla para la tabla `cache`
--

CREATE TABLE `cache` (
  `key` varchar(255) NOT NULL,
  `value` mediumtext NOT NULL,
  `expiration` bigint(20) NOT NULL
) ENGINE=InnoDB DEFAULT CHARSET=utf8mb4 COLLATE=utf8mb4_unicode_ci;

--
-- Volcado de datos para la tabla `cache`
--

INSERT INTO `cache` (`key`, `value`, `expiration`) VALUES
('inventario-mina-tres-amigos-cache-admin@gmail.com|189.28.88.254', 'i:1;', 1780090540),
('inventario-mina-tres-amigos-cache-admin@gmail.com|189.28.88.254:timer', 'i:1780090540;', 1780090540),
('inventario-mina-tres-amigos-cache-lrquwigi@immenseignite.info|107.173.160.167', 'i:1;', 1781482896),
('inventario-mina-tres-amigos-cache-lrquwigi@immenseignite.info|107.173.160.167:timer', 'i:1781482896;', 1781482896);

-- --------------------------------------------------------

--
-- Estructura de tabla para la tabla `cache_locks`
--

CREATE TABLE `cache_locks` (
  `key` varchar(255) NOT NULL,
  `owner` varchar(255) NOT NULL,
  `expiration` bigint(20) NOT NULL
) ENGINE=InnoDB DEFAULT CHARSET=utf8mb4 COLLATE=utf8mb4_unicode_ci;

-- --------------------------------------------------------

--
-- Estructura de tabla para la tabla `failed_jobs`
--

CREATE TABLE `failed_jobs` (
  `id` bigint(20) UNSIGNED NOT NULL,
  `uuid` varchar(255) NOT NULL,
  `connection` varchar(255) NOT NULL,
  `queue` varchar(255) NOT NULL,
  `payload` longtext NOT NULL,
  `exception` longtext NOT NULL,
  `failed_at` timestamp NOT NULL DEFAULT current_timestamp()
) ENGINE=InnoDB DEFAULT CHARSET=utf8mb4 COLLATE=utf8mb4_unicode_ci;

-- --------------------------------------------------------

--
-- Estructura de tabla para la tabla `grupos`
--

CREATE TABLE `grupos` (
  `id` varchar(10) NOT NULL,
  `nombre` varchar(100) NOT NULL,
  `created_at` timestamp NULL DEFAULT NULL,
  `updated_at` timestamp NULL DEFAULT NULL
) ENGINE=InnoDB DEFAULT CHARSET=utf8mb4 COLLATE=utf8mb4_unicode_ci;

--
-- Volcado de datos para la tabla `grupos`
--

INSERT INTO `grupos` (`id`, `nombre`, `created_at`, `updated_at`) VALUES
('G-1', 'MATERIAL EXPLOSIVO', '2026-05-14 00:34:42', '2026-05-14 00:34:42'),
('G-10', 'MADERAS Y TABLONES', '2026-05-14 20:24:20', '2026-05-18 09:09:04'),
('G-11', 'PRUEBAS', '2026-06-10 22:16:02', '2026-06-10 22:16:02'),
('G-2', 'ACCESORIOS', '2026-05-14 00:34:42', '2026-05-14 00:34:42'),
('G-3', 'HERRAMIENTAS', '2026-05-14 00:34:42', '2026-05-14 00:34:42'),
('G-4', 'LUBRICANTES', '2026-05-14 00:34:42', '2026-05-14 00:34:42'),
('G-5', 'FILTROS Y CORREAS', '2026-05-14 00:34:42', '2026-05-14 00:34:42'),
('G-6', 'E.P.P.', '2026-05-14 00:34:42', '2026-05-14 00:34:42'),
('G-7', 'HERRAMIENTAS DE MECANICA', '2026-05-14 00:34:42', '2026-05-14 00:34:42'),
('G-8', 'PINTURAS Y ANTICONGELANTES', '2026-05-14 00:34:42', '2026-05-14 00:34:42'),
('G-9', 'MATERIAL ELECTRICO', '2026-05-14 00:34:42', '2026-06-05 00:15:39');

-- --------------------------------------------------------

--
-- Estructura de tabla para la tabla `jobs`
--

CREATE TABLE `jobs` (
  `id` bigint(20) UNSIGNED NOT NULL,
  `queue` varchar(255) NOT NULL,
  `payload` longtext NOT NULL,
  `attempts` smallint(5) UNSIGNED NOT NULL,
  `reserved_at` int(10) UNSIGNED DEFAULT NULL,
  `available_at` int(10) UNSIGNED NOT NULL,
  `created_at` int(10) UNSIGNED NOT NULL
) ENGINE=InnoDB DEFAULT CHARSET=utf8mb4 COLLATE=utf8mb4_unicode_ci;

-- --------------------------------------------------------

--
-- Estructura de tabla para la tabla `job_batches`
--

CREATE TABLE `job_batches` (
  `id` varchar(255) NOT NULL,
  `name` varchar(255) NOT NULL,
  `total_jobs` int(11) NOT NULL,
  `pending_jobs` int(11) NOT NULL,
  `failed_jobs` int(11) NOT NULL,
  `failed_job_ids` longtext NOT NULL,
  `options` mediumtext DEFAULT NULL,
  `cancelled_at` int(11) DEFAULT NULL,
  `created_at` int(11) NOT NULL,
  `finished_at` int(11) DEFAULT NULL
) ENGINE=InnoDB DEFAULT CHARSET=utf8mb4 COLLATE=utf8mb4_unicode_ci;

-- --------------------------------------------------------

--
-- Estructura de tabla para la tabla `migrations`
--

CREATE TABLE `migrations` (
  `id` int(10) UNSIGNED NOT NULL,
  `migration` varchar(255) NOT NULL,
  `batch` int(11) NOT NULL
) ENGINE=InnoDB DEFAULT CHARSET=utf8mb4 COLLATE=utf8mb4_unicode_ci;

--
-- Volcado de datos para la tabla `migrations`
--

INSERT INTO `migrations` (`id`, `migration`, `batch`) VALUES
(1, '0001_01_01_000000_create_users_table', 1),
(2, '0001_01_01_000001_create_cache_table', 1),
(3, '0001_01_01_000002_create_jobs_table', 1),
(4, '2026_05_13_202520_create_grupos_table', 2),
(5, '2026_05_13_202525_create_articulos_table', 2),
(6, '2026_05_13_202528_create_movimientos_table', 2),
(7, '2026_05_13_202533_add_rol_to_users_table', 2),
(8, '2026_05_14_124237_add_precio_to_articulos_table', 3),
(9, '2026_05_14_130727_create_trabajadores_table', 4),
(10, '2026_05_14_171051_add_trabajador_to_movimientos_table', 5),
(11, '2026_05_18_044004_cambiar_roles_usuarios', 6),
(12, '2026_05_24_230757_agregar_numero_nota_a_movimientos', 7),
(13, '2026_06_04_174159_agregar_trabajador_nombre_a_movimientos', 8),
(14, 'NOMBRE_EXACTO_ampliar_decimales_cantidad', 9),
(15, 'NOMBRE_EXACTO_agregar_precio_a_movimientos', 9),
(16, '2026_06_04_192411_ampliar_decimales_cantidad', 9),
(17, '2026_06_10_014924_agregar_precio_a_movimientos', 9);

-- --------------------------------------------------------

--
-- Estructura de tabla para la tabla `movimientos`
--

CREATE TABLE `movimientos` (
  `id` bigint(20) UNSIGNED NOT NULL,
  `numero_nota` varchar(20) DEFAULT NULL,
  `articulo_id` bigint(20) UNSIGNED NOT NULL,
  `tipo` enum('entrada','salida') NOT NULL,
  `cantidad` decimal(12,3) NOT NULL,
  `precio_unitario` decimal(10,2) DEFAULT 0.00,
  `fecha` date NOT NULL,
  `notas` text DEFAULT NULL,
  `user_id` bigint(20) UNSIGNED DEFAULT NULL,
  `trabajador_id` bigint(20) UNSIGNED DEFAULT NULL,
  `trabajador_nombre` varchar(100) DEFAULT NULL,
  `created_at` timestamp NULL DEFAULT NULL,
  `updated_at` timestamp NULL DEFAULT NULL
) ENGINE=InnoDB DEFAULT CHARSET=utf8mb4 COLLATE=utf8mb4_unicode_ci;

--
-- Volcado de datos para la tabla `movimientos`
--

INSERT INTO `movimientos` (`id`, `numero_nota`, `articulo_id`, `tipo`, `cantidad`, `precio_unitario`, `fecha`, `notas`, `user_id`, `trabajador_id`, `trabajador_nombre`, `created_at`, `updated_at`) VALUES
(1, '000001', 1, 'entrada', 50.000, 28.00, '2026-05-14', NULL, 1, NULL, NULL, '2026-05-14 07:12:01', '2026-05-14 07:12:01'),
(2, '000002', 2, 'entrada', 7.000, 13.50, '2026-05-14', NULL, 1, NULL, NULL, '2026-05-14 08:16:56', '2026-05-14 08:16:56'),
(3, '000003', 1, 'salida', 25.000, 28.00, '2026-05-14', NULL, 1, NULL, NULL, '2026-05-14 17:31:39', '2026-05-14 17:31:39'),
(4, '000004', 2, 'salida', 3.000, 13.50, '2026-05-14', NULL, 1, NULL, NULL, '2026-05-14 18:43:29', '2026-05-14 18:43:29'),
(5, '000005', 1, 'salida', 4.990, 28.00, '2026-05-14', NULL, 1, 1, 'JUAN PEREZ MAMANI', '2026-05-14 21:32:43', '2026-05-14 21:32:43'),
(6, '000006', 1, 'salida', 5.000, 28.00, '2026-05-14', NULL, 1, 1, 'JUAN PEREZ MAMANI', '2026-05-14 22:38:48', '2026-05-14 22:38:48'),
(7, '000007', 2, 'salida', 0.990, 13.50, '2026-05-14', NULL, 1, 1, 'JUAN PEREZ MAMANI', '2026-05-14 22:41:09', '2026-05-14 22:41:09'),
(8, '000008', 2, 'salida', 0.990, 13.50, '2026-05-14', NULL, 1, 1, 'JUAN PEREZ MAMANI', '2026-05-14 22:42:09', '2026-05-14 22:42:09'),
(9, '000009', 2, 'salida', 1.020, 13.50, '2026-05-14', NULL, 1, 1, 'JUAN PEREZ MAMANI', '2026-05-14 22:42:32', '2026-05-14 22:42:32'),
(10, '000010', 1, 'salida', 1.000, 28.00, '2026-05-18', NULL, 4, 1, 'JUAN PEREZ MAMANI', '2026-05-18 09:09:58', '2026-05-18 09:09:58'),
(11, '000011', 2, 'salida', 1.000, 13.50, '2026-05-18', NULL, 4, 1, 'JUAN PEREZ MAMANI', '2026-05-18 09:10:20', '2026-05-18 09:10:20'),
(12, '000012', 1, 'entrada', 200.000, 28.00, '2026-05-18', NULL, 1, NULL, NULL, '2026-05-19 01:20:09', '2026-05-19 01:20:09'),
(13, '000013', 1, 'salida', 22.000, 28.00, '2026-05-18', 'rajo minea copia', 1, 2, 'LUIS QUISPE', '2026-05-19 01:21:31', '2026-05-19 01:21:31'),
(14, '000014', 1, 'salida', 2.000, 28.00, '2026-05-24', NULL, 1, 2, 'LUIS QUISPE', '2026-05-25 03:12:33', '2026-05-25 03:12:33'),
(15, '000015', 1, 'salida', 10.000, 28.00, '2026-05-24', NULL, 1, 2, 'LUIS QUISPE', '2026-05-25 03:20:06', '2026-05-25 03:20:06'),
(16, '000016', 2, 'entrada', 7.000, 13.50, '2026-05-27', NULL, 1, NULL, NULL, '2026-05-27 06:30:30', '2026-05-27 06:30:30'),
(17, '000017', 2, 'entrada', 1.000, 13.50, '2026-06-10', NULL, 1, NULL, NULL, '2026-06-10 07:23:57', '2026-06-10 07:23:57'),
(18, '000018', 2, 'salida', 1.000, 13.50, '2026-06-10', NULL, 1, 1, 'JUAN PEREZ MAMANI', '2026-06-10 07:24:21', '2026-06-10 07:24:21'),
(19, '000019', 2, 'entrada', 1.000, 15.00, '2026-06-10', NULL, 1, NULL, NULL, '2026-06-10 07:24:47', '2026-06-10 07:24:47'),
(20, '000020', 2, 'salida', 1.000, 15.00, '2026-06-10', NULL, 1, 2, 'LUIS QUISPE', '2026-06-10 07:25:42', '2026-06-10 07:25:42'),
(21, '000021', 1, 'entrada', 189.550, 28.00, '2026-05-11', 'Stock inicial al implementar el sistema', 1, NULL, NULL, '2026-06-10 18:03:20', '2026-06-10 18:03:20'),
(22, '000022', 2, 'entrada', 870.000, 13.50, '2026-05-11', 'Stock inicial al implementar el sistema', 1, NULL, NULL, '2026-06-10 18:03:20', '2026-06-10 18:03:20'),
(23, '000023', 3, 'entrada', 900.000, 18.00, '2026-05-11', 'Stock inicial al implementar el sistema', 1, NULL, NULL, '2026-06-10 18:03:20', '2026-06-10 18:03:20'),
(24, '000024', 4, 'entrada', 800.000, 40.00, '2026-05-11', 'Stock inicial al implementar el sistema', 1, NULL, NULL, '2026-06-10 18:03:20', '2026-06-10 18:03:20'),
(25, '000025', 5, 'entrada', 4.000, 350.00, '2026-05-11', 'Stock inicial al implementar el sistema', 1, NULL, NULL, '2026-06-10 18:03:20', '2026-06-10 18:03:20'),
(26, '000026', 6, 'entrada', 1.000, 450.00, '2026-05-11', 'Stock inicial al implementar el sistema', 1, NULL, NULL, '2026-06-10 18:03:20', '2026-06-10 18:03:20'),
(27, '000027', 11, 'entrada', 8.000, 150.00, '2026-05-11', 'Stock inicial al implementar el sistema', 1, NULL, NULL, '2026-06-10 18:03:20', '2026-06-10 18:03:20'),
(28, '000028', 12, 'entrada', 8.000, 150.00, '2026-05-11', 'Stock inicial al implementar el sistema', 1, NULL, NULL, '2026-06-10 18:03:20', '2026-06-10 18:03:20'),
(29, '000029', 13, 'entrada', 12.000, 25.00, '2026-05-11', 'Stock inicial al implementar el sistema', 1, NULL, NULL, '2026-06-10 18:03:20', '2026-06-10 18:03:20'),
(30, '000030', 14, 'entrada', 3.000, 25.00, '2026-05-11', 'Stock inicial al implementar el sistema', 1, NULL, NULL, '2026-06-10 18:03:20', '2026-06-10 18:03:20'),
(31, '000031', 15, 'entrada', 13.000, 25.00, '2026-05-11', 'Stock inicial al implementar el sistema', 1, NULL, NULL, '2026-06-10 18:03:20', '2026-06-10 18:03:20'),
(32, '000032', 16, 'entrada', 8.000, 120.00, '2026-05-11', 'Stock inicial al implementar el sistema', 1, NULL, NULL, '2026-06-10 18:03:20', '2026-06-10 18:03:20'),
(33, '000033', 17, 'entrada', 13.000, 150.00, '2026-05-11', 'Stock inicial al implementar el sistema', 1, NULL, NULL, '2026-06-10 18:03:20', '2026-06-10 18:03:20'),
(34, '000034', 18, 'entrada', 11.000, 150.00, '2026-05-11', 'Stock inicial al implementar el sistema', 1, NULL, NULL, '2026-06-10 18:03:20', '2026-06-10 18:03:20'),
(35, '000035', 20, 'entrada', 16.000, 250.00, '2026-05-11', 'Stock inicial al implementar el sistema', 1, NULL, NULL, '2026-06-10 18:03:20', '2026-06-10 18:03:20'),
(36, '000036', 21, 'entrada', 7.000, 30.00, '2026-05-11', 'Stock inicial al implementar el sistema', 1, NULL, NULL, '2026-06-10 18:03:20', '2026-06-10 18:03:20'),
(37, '000037', 22, 'entrada', 16.000, 50.00, '2026-05-11', 'Stock inicial al implementar el sistema', 1, NULL, NULL, '2026-06-10 18:03:20', '2026-06-10 18:03:20'),
(38, '000038', 23, 'entrada', 7.000, 15.00, '2026-05-11', 'Stock inicial al implementar el sistema', 1, NULL, NULL, '2026-06-10 18:03:20', '2026-06-10 18:03:20'),
(39, '000039', 24, 'entrada', 21.000, 20.00, '2026-05-11', 'Stock inicial al implementar el sistema', 1, NULL, NULL, '2026-06-10 18:03:20', '2026-06-10 18:03:20'),
(40, '000040', 27, 'entrada', 2.000, 0.00, '2026-05-11', 'Stock inicial al implementar el sistema', 1, NULL, NULL, '2026-06-10 18:03:20', '2026-06-10 18:03:20'),
(41, '000041', 28, 'entrada', 5.000, 60.00, '2026-05-11', 'Stock inicial al implementar el sistema', 1, NULL, NULL, '2026-06-10 18:03:20', '2026-06-10 18:03:20'),
(42, '000042', 29, 'entrada', 5.000, 70.00, '2026-05-11', 'Stock inicial al implementar el sistema', 1, NULL, NULL, '2026-06-10 18:03:20', '2026-06-10 18:03:20'),
(43, '000043', 32, 'entrada', 4.000, 0.00, '2026-05-11', 'Stock inicial al implementar el sistema', 1, NULL, NULL, '2026-06-10 18:03:20', '2026-06-10 18:03:20'),
(44, '000044', 34, 'entrada', 4.000, 0.00, '2026-05-11', 'Stock inicial al implementar el sistema', 1, NULL, NULL, '2026-06-10 18:03:20', '2026-06-10 18:03:20'),
(45, '000045', 35, 'entrada', 1.000, 0.00, '2026-05-11', 'Stock inicial al implementar el sistema', 1, NULL, NULL, '2026-06-10 18:03:20', '2026-06-10 18:03:20'),
(46, '000046', 36, 'entrada', 1.000, 20.00, '2026-05-11', 'Stock inicial al implementar el sistema', 1, NULL, NULL, '2026-06-10 18:03:20', '2026-06-10 18:03:20'),
(47, '000047', 39, 'entrada', 3.000, 35.00, '2026-05-11', 'Stock inicial al implementar el sistema', 1, NULL, NULL, '2026-06-10 18:03:20', '2026-06-10 18:03:20'),
(48, '000048', 40, 'entrada', 12.000, 35.00, '2026-05-11', 'Stock inicial al implementar el sistema', 1, NULL, NULL, '2026-06-10 18:03:20', '2026-06-10 18:03:20'),
(49, '000049', 41, 'entrada', 6.000, 35.00, '2026-05-11', 'Stock inicial al implementar el sistema', 1, NULL, NULL, '2026-06-10 18:03:20', '2026-06-10 18:03:20'),
(50, '000050', 43, 'entrada', 17.000, 0.00, '2026-05-11', 'Stock inicial al implementar el sistema', 1, NULL, NULL, '2026-06-10 18:03:20', '2026-06-10 18:03:20'),
(51, '000051', 44, 'entrada', 18.000, 0.00, '2026-05-11', 'Stock inicial al implementar el sistema', 1, NULL, NULL, '2026-06-10 18:03:20', '2026-06-10 18:03:20'),
(52, '000052', 45, 'entrada', 48.000, 1.00, '2026-05-11', 'Stock inicial al implementar el sistema', 1, NULL, NULL, '2026-06-10 18:03:20', '2026-06-10 18:03:20'),
(53, '000053', 46, 'entrada', 98.000, 2.00, '2026-05-11', 'Stock inicial al implementar el sistema', 1, NULL, NULL, '2026-06-10 18:03:20', '2026-06-10 18:03:20'),
(54, '000054', 47, 'entrada', 146.000, 1.00, '2026-05-11', 'Stock inicial al implementar el sistema', 1, NULL, NULL, '2026-06-10 18:03:20', '2026-06-10 18:03:20'),
(55, '000055', 48, 'entrada', 237.000, 2.00, '2026-05-11', 'Stock inicial al implementar el sistema', 1, NULL, NULL, '2026-06-10 18:03:20', '2026-06-10 18:03:20'),
(56, '000056', 49, 'entrada', 10.000, 2.00, '2026-05-11', 'Stock inicial al implementar el sistema', 1, NULL, NULL, '2026-06-10 18:03:20', '2026-06-10 18:03:20'),
(57, '000057', 50, 'entrada', 40.000, 35.00, '2026-05-11', 'Stock inicial al implementar el sistema', 1, NULL, NULL, '2026-06-10 18:03:20', '2026-06-10 18:03:20'),
(58, '000058', 51, 'entrada', 2.000, 35.00, '2026-05-11', 'Stock inicial al implementar el sistema', 1, NULL, NULL, '2026-06-10 18:03:20', '2026-06-10 18:03:20'),
(59, '000059', 52, 'entrada', 9.000, 225.00, '2026-05-11', 'Stock inicial al implementar el sistema', 1, NULL, NULL, '2026-06-10 18:03:20', '2026-06-10 18:03:20'),
(60, '000060', 53, 'entrada', 10.000, 100.00, '2026-05-11', 'Stock inicial al implementar el sistema', 1, NULL, NULL, '2026-06-10 18:03:20', '2026-06-10 18:03:20'),
(61, '000061', 54, 'entrada', 2.000, 100.00, '2026-05-11', 'Stock inicial al implementar el sistema', 1, NULL, NULL, '2026-06-10 18:03:20', '2026-06-10 18:03:20'),
(62, '000062', 55, 'entrada', 11.000, 120.00, '2026-05-11', 'Stock inicial al implementar el sistema', 1, NULL, NULL, '2026-06-10 18:03:20', '2026-06-10 18:03:20'),
(63, '000063', 56, 'entrada', 6.000, 120.00, '2026-05-11', 'Stock inicial al implementar el sistema', 1, NULL, NULL, '2026-06-10 18:03:20', '2026-06-10 18:03:20'),
(64, '000064', 57, 'entrada', 2.000, 0.00, '2026-05-11', 'Stock inicial al implementar el sistema', 1, NULL, NULL, '2026-06-10 18:03:20', '2026-06-10 18:03:20'),
(65, '000065', 58, 'entrada', 4.000, 200.00, '2026-05-11', 'Stock inicial al implementar el sistema', 1, NULL, NULL, '2026-06-10 18:03:20', '2026-06-10 18:03:20'),
(66, '000066', 59, 'entrada', 4.000, 150.00, '2026-05-11', 'Stock inicial al implementar el sistema', 1, NULL, NULL, '2026-06-10 18:03:20', '2026-06-10 18:03:20'),
(67, '000067', 60, 'entrada', 2.000, 50.00, '2026-05-11', 'Stock inicial al implementar el sistema', 1, NULL, NULL, '2026-06-10 18:03:20', '2026-06-10 18:03:20'),
(68, '000068', 61, 'entrada', 2.000, 0.00, '2026-05-11', 'Stock inicial al implementar el sistema', 1, NULL, NULL, '2026-06-10 18:03:20', '2026-06-10 18:03:20'),
(69, '000069', 64, 'entrada', 3.000, 0.00, '2026-05-11', 'Stock inicial al implementar el sistema', 1, NULL, NULL, '2026-06-10 18:03:20', '2026-06-10 18:03:20'),
(70, '000070', 65, 'entrada', 5.000, 0.00, '2026-05-11', 'Stock inicial
<truncated 34951 bytes>

NOTE: The output was truncated because it was too long. Use a more targeted query or a smaller range to get the information you need.
